{
	"credit": "Made with Blockbench",
	"textures": {
		"1": "item/nuguji_scarf_3d"
	},
	"elements": [
		{
			"from": [6, 1, 8],
			"to": [10, 2, 8.25],
			"rotation": {"angle": 0, "axis": "x", "origin": [8, 0, 8]},
			"faces": {
				"north": {"uv": [0, 0, 16, 4], "texture": "#1"},
				"east": {"uv": [0, 0, 1, 4], "texture": "#1"},
				"south": {"uv": [0, 0, 16, 4], "texture": "#1"},
				"west": {"uv": [15, 0, 16, 4], "texture": "#1"},
				"up": {"uv": [0, 0, 16, 1], "texture": "#1"},
				"down": {"uv": [0, 3, 16, 4], "texture": "#1"}
			}
		},
		{
			"from": [5.75, 1, 12],
			"to": [9.75, 2, 12.25],
			"rotation": {"angle": 0, "axis": "y", "origin": [8, 0, 8]},
			"faces": {
				"north": {"uv": [0, 0, 16, 4], "texture": "#1"},
				"east": {"uv": [0, 0, 1, 4], "texture": "#1"},
				"south": {"uv": [0, 0, 16, 4], "texture": "#1"},
				"west": {"uv": [15, 0, 16, 4], "texture": "#1"},
				"up": {"uv": [0, 0, 16, 1], "texture": "#1"},
				"down": {"uv": [0, 3, 16, 4], "texture": "#1"}
			}
		},
		{
			"from": [9.75, 1, 8.25],
			"to": [10, 2, 12.25],
			"rotation": {"angle": 0, "axis": "y", "origin": [8, 0, 8]},
			"faces": {
				"north": {"uv": [15, 0, 16, 4], "texture": "#1"},
				"east": {"uv": [0, 0, 16, 4], "texture": "#1"},
				"south": {"uv": [0, 0, 1, 4], "texture": "#1"},
				"west": {"uv": [0, 0, 16, 4], "texture": "#1"},
				"up": {"uv": [0, 0, 16, 1], "rotation": 90, "texture": "#1"},
				"down": {"uv": [0, 3, 16, 4], "rotation": 270, "texture": "#1"}
			}
		},
		{
			"from": [5.75, 1, 8],
			"to": [6, 2, 12],
			"rotation": {"angle": 0, "axis": "y", "origin": [8, 0, 8]},
			"faces": {
				"north": {"uv": [15, 0, 16, 4], "texture": "#1"},
				"east": {"uv": [0, 0, 16, 4], "texture": "#1"},
				"south": {"uv": [0, 0, 1, 4], "texture": "#1"},
				"west": {"uv": [0, 0, 16, 4], "texture": "#1"},
				"up": {"uv": [0, 0, 16, 1], "rotation": 90, "texture": "#1"},
				"down": {"uv": [0, 3, 16, 4], "rotation": 270, "texture": "#1"}
			}
		},
		{
			"from": [6, 0, 8.25],
			"to": [9.5, 1, 8.5],
			"rotation": {"angle": 0, "axis": "y", "origin": [8, 0, 8]},
			"faces": {
				"north": {"uv": [1, 0, 15, 4], "texture": "#1"},
				"east": {"uv": [1, 0, 2, 4], "texture": "#1"},
				"south": {"uv": [1, 0, 15, 4], "texture": "#1"},
				"west": {"uv": [14, 0, 15, 4], "texture": "#1"},
				"up": {"uv": [1, 0, 15, 1], "texture": "#1"},
				"down": {"uv": [1, 3, 15, 4], "texture": "#1"}
			}
		},
		{
			"from": [6, 0, 8.5],
			"to": [6.25, 1, 12],
			"rotation": {"angle": 0, "axis": "y", "origin": [8, 0, 8]},
			"faces": {
				"north": {"uv": [1, 0, 2, 4], "texture": "#1"},
				"east": {"uv": [1, 0, 15, 4], "texture": "#1"},
				"south": {"uv": [14, 0, 15, 4], "texture": "#1"},
				"west": {"uv": [1, 0, 15, 4], "texture": "#1"},
				"up": {"uv": [1, 0, 15, 1], "rotation": 270, "texture": "#1"},
				"down": {"uv": [1, 3, 15, 4], "rotation": 90, "texture": "#1"}
			}
		},
		{
			"from": [9.5, 0, 8.25],
			"to": [9.75, 1, 11.75],
			"rotation": {"angle": 0, "axis": "y", "origin": [8, 0, 8]},
			"faces": {
				"north": {"uv": [1, 0, 2, 4], "texture": "#1"},
				"east": {"uv": [1, 0, 15, 4], "texture": "#1"},
				"south": {"uv": [14, 0, 15, 4], "texture": "#1"},
				"west": {"uv": [1, 0, 15, 4], "texture": "#1"},
				"up": {"uv": [1, 0, 15, 1], "rotation": 270, "texture": "#1"},
				"down": {"uv": [1, 3, 15, 4], "rotation": 90, "texture": "#1"}
			}
		},
		{
			"from": [6.25, 0, 11.75],
			"to": [9.75, 1, 12],
			"rotation": {"angle": 0, "axis": "y", "origin": [8, 0, 8]},
			"faces": {
				"north": {"uv": [1, 0, 15, 4], "texture": "#1"},
				"east": {"uv": [14, 0, 15, 4], "texture": "#1"},
				"south": {"uv": [1, 0, 15, 4], "texture": "#1"},
				"west": {"uv": [1, 0, 2, 4], "texture": "#1"},
				"up": {"uv": [1, 0, 15, 1], "rotation": 180, "texture": "#1"},
				"down": {"uv": [1, 3, 15, 4], "rotation": 180, "texture": "#1"}
			}
		},
		{
			"from": [6.25, 0, 8.5],
			"to": [9.5, 0.25, 9.5],
			"rotation": {"angle": 0, "axis": "x", "origin": [8, 0, 8]},
			"faces": {
				"north": {"uv": [1, 0, 13, 1], "rotation": 180, "texture": "#1"},
				"east": {"uv": [1, 0, 2, 4], "rotation": 90, "texture": "#1"},
				"south": {"uv": [1, 3, 13, 4], "texture": "#1"},
				"west": {"uv": [12, 0, 13, 4], "rotation": 270, "texture": "#1"},
				"up": {"uv": [1, 0, 13, 4], "texture": "#1"},
				"down": {"uv": [1, 0, 13, 4], "rotation": 180, "texture": "#1"}
			}
		},
		{
			"from": [6.25, 0, 9.5],
			"to": [9.5, 0.25, 10.75],
			"rotation": {"angle": 0, "axis": "y", "origin": [8, 0, 8]},
			"faces": {
				"north": {"uv": [1, 0, 13, 1], "rotation": 180, "texture": "#1"},
				"east": {"uv": [1, 0, 2, 4], "rotation": 90, "texture": "#1"},
				"south": {"uv": [1, 3, 13, 4], "texture": "#1"},
				"west": {"uv": [12, 0, 13, 4], "rotation": 270, "texture": "#1"},
				"up": {"uv": [1, 0, 13, 4], "texture": "#1"},
				"down": {"uv": [1, 0, 13, 4], "rotation": 180, "texture": "#1"}
			}
		},
		{
			"from": [6.25, 0, 10.75],
			"to": [9.5, 0.25, 11.75],
			"rotation": {"angle": 0, "axis": "y", "origin": [8, 0, 8]},
			"faces": {
				"north": {"uv": [1, 0, 13, 1], "rotation": 180, "texture": "#1"},
				"east": {"uv": [1, 0, 2, 4], "rotation": 90, "texture": "#1"},
				"south": {"uv": [1, 3, 13, 4], "texture": "#1"},
				"west": {"uv": [12, 0, 13, 4], "rotation": 270, "texture": "#1"},
				"up": {"uv": [1, 0, 13, 4], "texture": "#1"},
				"down": {"uv": [1, 0, 13, 4], "rotation": 180, "texture": "#1"}
			}
		},
		{
			"from": [4.75, 0, 12.25],
			"to": [6.25, 1, 12.5],
			"rotation": {"angle": -22.5, "axis": "z", "origin": [8, 0, 8]},
			"faces": {
				"north": {"uv": [0, 0, 6, 4], "texture": "#1"},
				"east": {"uv": [0, 0, 1, 4], "texture": "#1"},
				"south": {"uv": [0, 0, 6, 4], "texture": "#1"},
				"west": {"uv": [5, 0, 6, 4], "texture": "#1"},
				"up": {"uv": [0, 0, 6, 1], "texture": "#1"},
				"down": {"uv": [0, 3, 6, 4], "texture": "#1"}
			}
		},
		{
			"from": [5.5, 1, 12.251],
			"to": [7, 2, 12.501],
			"rotation": {"angle": 22.5, "axis": "z", "origin": [8, 0, 8]},
			"faces": {
				"north": {"uv": [0, 0, 6, 4], "texture": "#1"},
				"east": {"uv": [0, 0, 1, 4], "texture": "#1"},
				"south": {"uv": [0, 0, 6, 4], "texture": "#1"},
				"west": {"uv": [5, 0, 6, 4], "texture": "#1"},
				"up": {"uv": [0, 0, 6, 1], "texture": "#1"},
				"down": {"uv": [0, 3, 6, 4], "texture": "#1"}
			}
		},
		{
			"from": [5.75, -0.5, 12.25],
			"to": [6.75, 0.5, 12.75],
			"rotation": {"angle": -45, "axis": "z", "origin": [8, 0, 8]},
			"faces": {
				"north": {"uv": [0, 0, 4, 4], "rotation": 90, "texture": "#1"},
				"east": {"uv": [0, 2, 4, 4], "rotation": 270, "texture": "#1"},
				"south": {"uv": [0, 0, 4, 4], "rotation": 270, "texture": "#1"},
				"west": {"uv": [0, 0, 4, 2], "rotation": 270, "texture": "#1"},
				"up": {"uv": [0, 0, 2, 4], "rotation": 270, "texture": "#1"},
				"down": {"uv": [2, 0, 4, 4], "rotation": 270, "texture": "#1"}
			}
		}
	],
	"display": {
		"gui": {
			"rotation": [-148.01, 34.67, 167.96],
			"translation": [-8, 14.5, 0],
			"scale": [3, 3, 3]
		},
		"head": {
			"translation": [0.5, 22, -8.5],
			"scale": [4, 4, 4]
		}
	}
}